{
  "model_name": "XGBoost",
  "r2": 0.45236435093308136,
  "rmse": 40.92785296446558,
  "mae": 31.13902197374021,
  "train_time": 0.3771665096282959,
  "split_strategy": "stratified",
  "test_size": 0.2,
  "random_state": 42,
  "params": {
    "n_estimators": 100,
    "max_depth": 3,
    "learning_rate": 0.1,
    "subsample": 1.0,
    "colsample_bytree": 1.0
  },
  "n_samples": 1830,
  "n_features": 418,
  "run_id": "20251225_110906_XGBoost",
  "created_at": "2025-12-25T11:09:06"
}