{
  "model_name": "随机森林",
  "r2": 0.5441142241626153,
  "rmse": 38.7450993234114,
  "mae": 28.61590742619142,
  "train_time": 0.35099077224731445,
  "split_strategy": "stratified",
  "test_size": 0.2,
  "random_state": 42,
  "params": {
    "n_estimators": 100,
    "max_depth": 10,
    "min_samples_split": 2,
    "min_samples_leaf": 1
  },
  "n_samples": 3994,
  "n_features": 309,
  "run_id": "20251223_151656_随机森林",
  "created_at": "2025-12-23T15:16:56"
}