{
  "model_name": "XGBoost",
  "r2": 0.6263420705076466,
  "rmse": 43.58476374734779,
  "mae": 33.881208917692106,
  "train_time": 0.4319159984588623,
  "split_strategy": "stratified",
  "test_size": 0.2,
  "random_state": 42,
  "params": {
    "n_estimators": 402,
    "max_depth": 5,
    "learning_rate": 0.039325882221832156,
    "subsample": 0.9218527159549915,
    "colsample_bytree": 0.6465523108807101
  },
  "n_samples": 385,
  "n_features": 100,
  "run_id": "20251225_111516_XGBoost",
  "created_at": "2025-12-25T11:15:16"
}