{
  "model_name": "XGBoost",
  "r2": 0.4749703003486243,
  "rmse": 41.57963696247455,
  "mae": 31.060175340292002,
  "train_time": 0.2359755039215088,
  "split_strategy": "stratified",
  "test_size": 0.2,
  "random_state": 42,
  "params": {
    "n_estimators": 400,
    "max_depth": 3,
    "learning_rate": 0.02000000000000001,
    "subsample": 0.9,
    "colsample_bytree": 0.9
  },
  "n_samples": 3994,
  "n_features": 309,
  "run_id": "20251223_151741_XGBoost",
  "created_at": "2025-12-23T15:17:41"
}