{
  "model_name": "XGBoost",
  "r2": 0.5972826049134481,
  "rmse": 45.24783345478996,
  "mae": 34.516570090241245,
  "train_time": 0.544175386428833,
  "split_strategy": "stratified",
  "test_size": 0.2,
  "random_state": 42,
  "params": {
    "n_estimators": 402,
    "max_depth": 5,
    "learning_rate": 0.039325882221832156,
    "subsample": 0.9218527159549915,
    "colsample_bytree": 0.6465523108807101
  },
  "n_samples": 385,
  "n_features": 20,
  "run_id": "20251225_111916_XGBoost",
  "created_at": "2025-12-25T11:19:16"
}