{
  "model_name": "XGBoost",
  "r2": 0.6930296539355688,
  "rmse": 40.95860796249224,
  "mae": 32.66646969734676,
  "train_time": 6.633116722106934,
  "split_strategy": "stratified",
  "test_size": 0.2,
  "random_state": 42,
  "params": {
    "n_estimators": 500,
    "max_depth": 4,
    "learning_rate": 0.05000000000000002,
    "subsample": 0.9,
    "colsample_bytree": 0.9,
    "train_n_jobs": -1
  },
  "n_samples": 311,
  "n_features": 70,
  "run_id": "20251226_101447_XGBoost",
  "created_at": "2025-12-26T10:14:47"
}