{
  "model_name": "人工神经网络",
  "r2": 0.4207185896289216,
  "rmse": 42.09377766390195,
  "mae": 31.581698276123713,
  "train_time": 4.01149320602417,
  "split_strategy": "stratified",
  "test_size": 0.2,
  "random_state": 42,
  "params": {
    "hidden_layer_sizes": "100,50",
    "activation": "relu",
    "dropout_rate": 0.2,
    "learning_rate": 0.0013000000000000002,
    "epochs": 100,
    "batch_size": 120
  },
  "n_samples": 1830,
  "n_features": 372,
  "run_id": "20251225_094249_人工神经网络",
  "created_at": "2025-12-25T09:42:49"
}