{
  "model_name": "人工神经网络",
  "r2": 0.42364145891129457,
  "rmse": 41.9874474773645,
  "mae": 31.337380188071666,
  "train_time": 11.442484140396118,
  "split_strategy": "stratified",
  "test_size": 0.2,
  "random_state": 42,
  "params": {
    "hidden_layer_sizes": "100,50",
    "activation": "relu",
    "dropout_rate": 0.2,
    "learning_rate": 0.001,
    "epochs": 100,
    "batch_size": 32
  },
  "n_samples": 1830,
  "n_features": 372,
  "run_id": "20251225_094126_人工神经网络",
  "created_at": "2025-12-25T09:41:26"
}