{
  "model_name": "随机森林",
  "r2": 0.527493909091566,
  "rmse": 40.04930250149041,
  "mae": 28.887619722062684,
  "train_time": 0.992077112197876,
  "split_strategy": "stratified",
  "test_size": 0.2,
  "random_state": 42,
  "params": {
    "n_estimators": 370,
    "max_depth": 10,
    "min_samples_split": 3,
    "min_samples_leaf": 1
  },
  "n_samples": 3910,
  "n_features": 326,
  "run_id": "20251223_151913_随机森林",
  "created_at": "2025-12-23T15:19:13"
}