{
  "model_name": "AutoGluon",
  "r2": 0.6870187521645232,
  "rmse": 35.52577992204795,
  "mae": 27.602966149371607,
  "train_time": 60.62879514694214,
  "split_strategy": "stratified",
  "test_size": 0.2,
  "random_state": 42,
  "params": {},
  "n_samples": 228,
  "n_features": 20,
  "run_id": "20251225_112528_AutoGluon",
  "created_at": "2025-12-25T11:25:28"
}