{
  "model_name": "XGBoost",
  "r2": 0.6464610306981036,
  "rmse": 42.395156273659296,
  "mae": 33.03925822864879,
  "train_time": 9.91231083869934,
  "split_strategy": "stratified",
  "test_size": 0.2,
  "random_state": 42,
  "params": {
    "n_estimators": 402,
    "max_depth": 5,
    "learning_rate": 0.039325882221832156,
    "subsample": 0.9218527159549915,
    "colsample_bytree": 0.6465523108807101
  },
  "n_samples": 385,
  "n_features": 79,
  "run_id": "20251225_111833_XGBoost",
  "created_at": "2025-12-25T11:18:33"
}