{
  "model_name": "XGBoost",
  "r2": 0.705715806969939,
  "rmse": 42.2222819545624,
  "mae": 31.12614952369972,
  "train_time": 0.3405888080596924,
  "split_strategy": "group",
  "test_size": 0.2,
  "random_state": 42,
  "params": {
    "n_estimators": 400,
    "max_depth": 5,
    "learning_rate": 0.039325882221832156,
    "subsample": 0.9218527159549915,
    "colsample_bytree": 0.6465523108807101
  },
  "n_samples": 385,
  "n_features": 70,
  "run_id": "20251225_111637_XGBoost",
  "created_at": "2025-12-25T11:16:37"
}