{
  "model_name": "XGBoost",
  "r2": 0.6450393723319883,
  "rmse": 42.48031090180798,
  "mae": 31.833747677369548,
  "train_time": 1.4579784870147705,
  "split_strategy": "stratified",
  "test_size": 0.2,
  "random_state": 42,
  "params": {
    "n_estimators": 402,
    "max_depth": 5,
    "learning_rate": 0.039325882221832156,
    "subsample": 0.9218527159549915,
    "colsample_bytree": 0.6465523108807101
  },
  "n_samples": 385,
  "n_features": 418,
  "run_id": "20251225_111440_XGBoost",
  "created_at": "2025-12-25T11:14:40"
}