{
  "model_name": "XGBoost",
  "r2": 0.46003807761144677,
  "rmse": 42.81271981297339,
  "mae": 31.504592672735832,
  "train_time": 0.0849003791809082,
  "split_strategy": "stratified",
  "test_size": 0.2,
  "random_state": 42,
  "params": {
    "n_estimators": 100,
    "max_depth": 3,
    "learning_rate": 0.1,
    "subsample": 1.0,
    "colsample_bytree": 1.0
  },
  "n_samples": 3910,
  "n_features": 326,
  "run_id": "20251223_152502_XGBoost",
  "created_at": "2025-12-23T15:25:02"
}