{
  "model_name": "随机森林",
  "r2": 0.6679465609029513,
  "rmse": 48.332280909337,
  "mae": 30.230149721807233,
  "train_time": 0.1344776153564453,
  "split_strategy": "stratified",
  "test_size": 0.2,
  "random_state": 42,
  "params": {
    "n_estimators": 100,
    "max_depth": 10,
    "min_samples_split": 2,
    "min_samples_leaf": 1
  },
  "n_samples": 213,
  "n_features": 277,
  "run_id": "20251224_205003_随机森林",
  "created_at": "2025-12-24T20:50:03"
}