{
  "model_name": "XGBoost",
  "r2": 0.6228081953071247,
  "rmse": 43.79038049812406,
  "mae": 33.1693914735472,
  "train_time": 0.23077917098999023,
  "split_strategy": "stratified",
  "test_size": 0.2,
  "random_state": 42,
  "params": {
    "n_estimators": 100,
    "max_depth": 3,
    "learning_rate": 0.1,
    "subsample": 1.0,
    "colsample_bytree": 1.0
  },
  "n_samples": 385,
  "n_features": 418,
  "run_id": "20251225_111055_XGBoost",
  "created_at": "2025-12-25T11:10:55"
}