{
  "model_name": "XGBoost",
  "r2": 0.7147981236977456,
  "rmse": 44.792931788049984,
  "mae": 26.492822026541067,
  "train_time": 1.2806732654571533,
  "split_strategy": "stratified",
  "test_size": 0.2,
  "random_state": 42,
  "params": {
    "n_estimators": 450,
    "max_depth": 3,
    "learning_rate": 0.06000000000000002,
    "subsample": 0.9,
    "colsample_bytree": 0.8
  },
  "n_samples": 213,
  "n_features": 277,
  "run_id": "20251224_204624_XGBoost",
  "created_at": "2025-12-24T20:46:24"
}