{
  "model_name": "XGBoost",
  "r2": 0.45101071943933324,
  "rmse": 49.17779663177221,
  "mae": 37.03226400675093,
  "train_time": 0.20421671867370605,
  "split_strategy": "stratified",
  "test_size": 0.2,
  "random_state": 42,
  "params": {
    "n_estimators": 100,
    "max_depth": 3,
    "learning_rate": 0.1,
    "subsample": 1.0,
    "colsample_bytree": 1.0
  },
  "n_samples": 700,
  "n_features": 418,
  "run_id": "20251225_110952_XGBoost",
  "created_at": "2025-12-25T11:09:52"
}