{
  "model_name": "XGBoost",
  "r2": 0.6988828170277084,
  "rmse": 40.566239054963425,
  "mae": 31.627615601486635,
  "train_time": 5.014072418212891,
  "split_strategy": "stratified",
  "test_size": 0.2,
  "random_state": 42,
  "params": {
    "n_estimators": 500,
    "max_depth": 3,
    "learning_rate": 0.1,
    "subsample": 1.0,
    "colsample_bytree": 1.0,
    "train_n_jobs": -1
  },
  "n_samples": 311,
  "n_features": 70,
  "run_id": "20251226_101231_XGBoost",
  "created_at": "2025-12-26T10:12:31"
}