{
  "model_name": "XGBoost",
  "r2": 0.423593825338071,
  "rmse": 52.499038265183465,
  "mae": 38.63617576854985,
  "train_time": 5.810966968536377,
  "split_strategy": "stratified",
  "test_size": 0.2,
  "random_state": 42,
  "params": {
    "n_estimators": 550,
    "max_depth": 3,
    "learning_rate": 0.07000000000000002,
    "subsample": 0.9,
    "colsample_bytree": 0.9,
    "train_n_jobs": -1
  },
  "n_samples": 409,
  "n_features": 70,
  "run_id": "20251226_100841_XGBoost",
  "created_at": "2025-12-26T10:08:41"
}