{
  "model_name": "XGBoost",
  "r2": 0.4449056139161207,
  "rmse": 43.40848899706116,
  "mae": 31.817364779860164,
  "train_time": 0.24760055541992188,
  "split_strategy": "stratified",
  "test_size": 0.2,
  "random_state": 42,
  "params": {
    "n_estimators": 400,
    "max_depth": 3,
    "learning_rate": 0.02000000000000001,
    "subsample": 0.8,
    "colsample_bytree": 0.9
  },
  "n_samples": 3910,
  "n_features": 326,
  "run_id": "20251223_152022_XGBoost",
  "created_at": "2025-12-23T15:20:22"
}