{
  "model_name": "XGBoost",
  "r2": 0.6170376215056466,
  "rmse": 44.12407871056863,
  "mae": 34.022865025408855,
  "train_time": 0.6079442501068115,
  "split_strategy": "stratified",
  "test_size": 0.2,
  "random_state": 42,
  "params": {
    "n_estimators": 800,
    "max_depth": 5,
    "learning_rate": 0.039325882221832156,
    "subsample": 0.9218527159549915,
    "colsample_bytree": 0.6465523108807101
  },
  "n_samples": 385,
  "n_features": 70,
  "run_id": "20251225_111555_XGBoost",
  "created_at": "2025-12-25T11:15:55"
}