{
  "model_name": "XGBoost",
  "r2": 0.6180790482186296,
  "rmse": 44.06404242526359,
  "mae": 34.03821051213648,
  "train_time": 0.5101380348205566,
  "split_strategy": "stratified",
  "test_size": 0.2,
  "random_state": 42,
  "params": {
    "n_estimators": 400,
    "max_depth": 5,
    "learning_rate": 0.039325882221832156,
    "subsample": 0.9218527159549915,
    "colsample_bytree": 0.6465523108807101
  },
  "n_samples": 385,
  "n_features": 70,
  "run_id": "20251225_111622_XGBoost",
  "created_at": "2025-12-25T11:16:22"
}