{
  "model_name": "XGBoost",
  "r2": 0.5004545033893901,
  "rmse": 39.089546411610606,
  "mae": 29.693768869410448,
  "train_time": 0.5467779636383057,
  "split_strategy": "stratified",
  "test_size": 0.2,
  "random_state": 42,
  "params": {
    "n_estimators": 350,
    "max_depth": 3,
    "learning_rate": 0.1,
    "subsample": 1.0,
    "colsample_bytree": 1.0
  },
  "n_samples": 1830,
  "n_features": 372,
  "run_id": "20251225_093628_XGBoost",
  "created_at": "2025-12-25T09:36:28"
}