{
  "model_name": "XGBoost",
  "r2": 0.019823794151298646,
  "rmse": 54.27062366793912,
  "mae": 43.77971520875827,
  "train_time": 0.1358044147491455,
  "split_strategy": "stratified",
  "test_size": 0.2,
  "random_state": 42,
  "params": {
    "n_estimators": 100,
    "max_depth": 3,
    "learning_rate": 0.1,
    "subsample": 1.0,
    "colsample_bytree": 1.0
  },
  "n_samples": 5072,
  "n_features": 21,
  "run_id": "20251225_091518_XGBoost",
  "created_at": "2025-12-25T09:15:18"
}